Code,Name,Unit,Energy_Kcal,Protein_g,Fat_g,Carb_g,Fiber_g,Calcium_mg,Iron_mg,Vit_A_mcg,Vit_C_mg,Vit_B1_mg,Vit_B2_mg
1001,Gạo nếp cái,100g,344.0,8.6,1.5,74.5,0.6,32.0,1.2,0.0,0.0,0.14,0.06
1002,Gạo nếp máy (Loại thường),100g,346.0,8.4,1.6,74.9,0.5,16.0,1.2,0.0,0.0,0.16,0.06
1003,Gạo tẻ giã,100g,344.0,8.1,1.3,75.0,0.7,36.0,0.2,0.0,0.0,0.12,0.04
1004,Gạo tẻ máy,100g,344.0,7.9,1.0,75.9,0.4,30.0,1.3,0.0,0.0,0.1,0.03
1005,Gạo lứt,100g,345.0,7.5,2.7,72.8,3.4,16.0,2.8,0.0,0.0,0.34,0.07
1006,Kê,100g,331.0,7.0,3.0,69.0,3.4,22.0,2.7,0.0,0.0,0.4,0.09
1007,Ngô bắp tươi,100g,196.0,4.1,2.3,39.6,1.2,4.0,0.6,0.0,12.0,0.15,0.08
1008,Ngô vàng hạt khô,100g,354.0,8.6,4.7,69.4,2.0,30.0,2.3,0.0,0.0,0.28,0.11
1009,Bánh bao nhân thịt,100g,219.0,6.1,0.5,47.5,0.5,19.0,1.5,0.0,0.0,0.1,0.04
1010,Bánh đa nem,100g,333.0,4.0,0.2,78.9,0.5,20.0,0.3,0.0,0.0,0.0,0.0
1011,Bánh đúc,100g,52.0,0.9,0.3,11.3,0.1,50.0,0.4,0.0,0.0,0.0,0.0
1012,Bánh mì,100g,249.0,7.9,0.8,52.6,0.2,28.0,2.0,0.0,0.0,0.1,0.07
1013,Bánh phở,100g,143.0,3.2,0.4,31.7,0.0,16.0,0.3,0.0,0.0,0.01,0.01
1014,Bánh quẩy,100g,292.0,8.0,10.8,40.7,0.7,0.0,0.0,0.0,0.0,0.0,0.0
1015,Bỏng ngô,100g,372.0,8.6,1.6,80.8,3.4,3.0,0.6,0.0,0.0,0.02,0.03
1016,Bột gạo nếp,100g,362.0,8.2,1.6,78.8,0.6,12.0,0.8,0.0,0.0,0.1,0.02
1017,Bột gạo tẻ,100g,359.0,6.6,0.4,82.2,0.4,24.0,1.9,0.0,0.0,0.08,0.05
1018,Bột mì,100g,346.0,10.3,1.1,73.6,0.3,29.0,2.0,0.0,0.0,0.18,0.13
1019,Bột ngô vàng,100g,361.0,8.3,4.0,73.0,1.5,15.0,2.1,0.0,0.0,0.17,0.08
1020,Bún,100g,110.0,1.7,0.0,25.7,0.5,12.0,0.2,0.0,0.0,0.04,0.01
1021,Cốm,100g,297.0,6.1,0.8,66.3,0.6,24.0,1.0,0.0,0.0,0.0,0.0
1022,Mì sợi,100g,349.0,11.0,0.9,74.2,0.3,34.0,1.5,0.0,0.0,0.1,0.04
1023,Ngô nếp luộc,100g,167.0,3.9,2.2,32.9,1.2,18.0,0.8,0.0,0.0,0.0,0.0
2001,Củ ấu,100g,115.0,3.6,0.5,24.0,1.0,9.0,0.7,0.0,5.0,0.23,0.05
2002,Củ cái,100g,127.0,3.1,0.2,28.3,1.8,20.0,2.9,0.0,1.0,0.0,0.0
2003,Củ dong,100g,119.0,1.4,0.0,28.4,2.4,42.0,0.0,0.0,0.0,0.0,0.0
2004,Củ sắn,100g,152.0,1.1,0.2,36.4,1.5,25.0,1.2,0.0,34.0,0.03,0.03
2005,Củ sắn dây,100g,119.0,1.6,0.1,28.0,9.2,28.0,0.2,0.0,0.0,0.0,0.0
2006,Củ súng khô (đã bỏ vỏ),100g,350.0,16.1,0.5,70.3,2.3,100.0,0.2,0.0,0.0,0.0,0.0
2007,Củ từ,100g,92.0,1.5,0.0,21.5,1.2,28.0,0.2,0.0,2.0,0.0,0.0
2008,Khoai lang,100g,119.0,0.8,0.2,28.5,1.3,34.0,1.0,0.0,23.0,0.05,0.05
2009,Khoai lang nghệ,100g,116.0,1.2,0.3,27.1,0.8,36.0,0.9,0.0,30.0,0.12,0.05
2010,Khoai môn,100g,109.0,1.5,0.2,25.2,1.2,44.0,0.8,0.0,4.0,0.09,0.03
2011,Khoai nước,100g,98.0,1.0,0.1,23.3,2.0,52.0,0.2,0.0,3.0,0.0,0.0
2012,Khoai riềng,100g,104.0,0.8,0.0,25.1,2.5,64.0,1.7,0.0,0.0,0.0,0.0
2013,Khoai sọ,100g,114.0,1.8,0.1,26.5,1.2,64.0,1.5,0.0,4.0,0.06,0.03
2014,Khoai tây,100g,93.0,2.0,0.1,20.9,1.0,10.0,1.2,0.0,10.0,0.1,0.05
2015,Miến dong,100g,332.0,0.6,0.1,82.2,1.5,40.0,1.0,0.0,0.0,0.0,0.0
2016,Bột dong lọc,100g,341.0,0.6,0.0,84.7,0.5,37.0,1.7,0.0,0.0,0.0,0.0
2017,Bột khoai lang,100g,334.0,2.2,0.5,80.2,1.6,50.0,2.0,0.0,0.0,0.24,0.09
2018,Bột khoai riềng (bột đao),100g,337.0,0.2,0.0,84.1,1.5,16.0,0.0,0.0,0.0,0.0,0.0
2019,Bột khoai tây (lọc),100g,345.0,1.0,0.3,84.4,0.4,30.0,3.0,0.0,0.0,0.01,0.0
2020,Bột sắn,100g,333.0,2.4,0.5,79.6,2.2,84.0,0.0,0.0,0.0,0.02,0.03
2021,Bột sắn dây,100g,340.0,0.7,0.0,84.3,0.8,18.0,1.5,0.0,0.0,0.0,0.0
2022,Khoai lang khô,100g,333.0,2.2,0.5,80.0,3.6,95.0,2.78,0.0,0.0,0.09,0.07
2023,Khoai tây khô,100g,330.0,6.6,0.3,75.1,3.4,37.0,4.3,0.0,0.0,0.36,0.18
2024,Khoai tây lát chiên,100g,525.0,2.2,35.4,49.3,6.3,37.0,2.1,0.0,1.0,0.15,0.02
2025,Sắn khô,100g,340.0,3.0,0.7,80.3,3.0,96.0,7.9,0.0,0.0,0.06,0.05
2026,Trân châu sắn,100g,341.0,1.0,0.0,84.3,0.6,30.0,2.0,0.0,0.0,0.04,0.0
3001,Cùi dừa già,100g,368.0,4.8,36.0,6.2,4.2,30.0,30.0,0.0,2.0,0.1,0.01
3002,Cùi dừa non,100g,40.0,3.5,1.7,2.6,3.5,4.0,1.0,0.0,6.0,0.04,0.03
3003,Đậu cô ve (hạt),100g,321.0,21.8,1.6,54.9,3.5,96.0,0.0,0.0,0.0,0.0,0.0
3004,Đậu đen (hạt),100g,325.0,24.2,1.7,53.3,4.0,56.0,6.1,0.0,3.0,0.5,0.21
3005,Đậu đũa (hạt),100g,320.0,23.7,2.0,51.9,4.3,110.0,6.5,0.0,1.0,0.59,0.22
3006,Đậu Hà lan (hạt),100g,318.0,22.2,1.4,54.1,6.0,57.0,4.4,0.0,0.0,0.77,0.18
3007,Đậu tương (đậu nành),100g,400.0,34.0,18.4,24.6,4.5,165.0,11.0,0.0,4.0,0.54,0.29
3008,Đậu trắng hạt (Đậu Tây),100g,327.0,23.2,2.1,53.8,3.6,160.0,6.8,0.0,3.0,0.54,0.18
3009,Đậu trứng cuốc,100g,321.0,25.8,2.0,50.0,4.8,0.0,0.0,0.0,0.0,0.0,0.0
3010,Đậu xanh (đậu tắt),100g,328.0,23.4,2.4,53.1,4.7,64.0,4.8,0.0,4.0,0.72,0.15
3011,Hạt dẻ to,100g,638.0,18.0,59.0,8.7,3.5,61.0,2.3,0.0,3.0,0.48,0.13
3012,Hạt dẻ tươi,100g,223.0,4.2,1.1,49.1,0.0,18.0,1.41,0.0,36.0,0.16,0.18
3013,Hạt dẻ khô,100g,363.0,6.8,1.8,79.8,0.0,29.0,2.29,0.0,59.0,0.26,0.29
3014,Hạt đen,100g,472.0,17.3,29.0,35.5,3.5,84.0,0.0,0.0,0.0,0.0,0.0
3015,Hạt điều,100g,605.0,18.4,46.3,28.7,0.6,28.0,3.6,0.0,1.0,0.25,0.34
3016,Hạt mít,100g,166.0,0.7,1.1,38.3,0.0,46.0,3.4,0.0,0.0,0.0,0.0
3017,Lạc hạt,100g,573.0,27.5,44.5,15.5,2.5,68.0,2.2,0.0,0.0,0.44,0.12
3018,Quả cọ tươi,100g,178.0,2.3,13.4,12.1,3.5,38.0,0.2,0.0,0.0,0.0,0.0
3019,Quả đại hái tươi,100g,427.0,20.0,38.0,1.2,3.4,66.0,3.1,0.0,0.0,0.0,0.0
3020,"Vừng (đen, trắng)",100g,568.0,20.1,46.4,17.6,3.5,975.0,14.55,0.0,0.0,0.79,0.25
3021,Bột đậu tương đã loại béo (đậu nành),100g,321.0,49.0,1.0,29.0,2.5,247.0,7.6,0.0,0.0,0.7,0.3
3022,Bột đậu tương rang chín,100g,418.0,41.0,18.0,22.9,2.5,189.0,7.5,0.0,0.0,0.4,0.16
3023,Bột đậu xanh,100g,347.0,24.6,2.5,56.5,3.9,50.0,1.0,0.0,4.0,0.75,0.16
3024,Bột lạc,100g,575.0,27.5,45.0,15.0,2.1,80.0,3.0,0.0,0.0,0.4,0.11
3025,Đậu phụ,100g,95.0,10.9,5.4,0.7,0.4,24.0,2.2,0.0,0.0,0.03,0.02
3026,Đậu phụ chúc,100g,414.0,50.2,20.8,6.5,0.3,325.0,10.8,0.0,0.0,0.0,0.0
3027,Đậu phụ nướng,100g,114.0,13.4,6.4,0.8,0.5,370.0,4.7,0.0,0.0,0.04,0.05
3028,Hạt bí đỏ rang,100g,519.0,35.1,31.8,23.0,2.3,235.0,2.2,0.0,0.0,0.15,0.15
3029,Hạt dưa đỏ rang (dưa hấu),100g,551.0,31.8,39.1,18.0,1.8,237.0,3.0,0.0,0.0,0.03,0.14
3030,"Hạt điều khô, chiên dầu",100g,583.0,18.3,49.3,16.4,0.7,32.0,3.9,0.0,0.0,0.36,0.34
3031,Sữa bột đậu nành,100g,405.0,31.1,9.7,48.2,2.2,224.0,7.5,0.0,0.0,0.4,0.16
3032,Sữa đậu nành (100g đậu/lít),100g,28.0,3.1,1.6,0.4,0.1,18.0,1.2,0.0,0.0,0.05,0.02
3033,Tào phớ,100g,37.0,2.3,0.2,6.4,0.2,92.0,0.3,0.0,0.0,0.0,0.0
4001,Bầu,100g,14.0,0.6,0.02,2.9,1.0,21.0,0.2,0.0,12.0,0.02,0.03
4002,Bí đao (bí xanh),100g,12.0,0.6,0.0,2.4,1.0,26.0,0.3,0.0,16.0,0.01,0.02
4003,Bí ngô,100g,27.0,0.3,0.1,6.1,0.7,24.0,0.5,0.0,8.0,0.06,0.03
4004,Cà bát,100g,23.0,1.2,0.2,4.0,1.5,12.0,0.7,0.0,3.0,0.03,0.04
4005,Cà chua,100g,20.0,0.6,0.2,4.0,0.8,12.0,1.4,0.0,40.0,0.06,0.04
4006,Cà pháo,100g,20.0,1.5,0.0,3.6,1.6,12.0,0.7,0.0,3.0,0.03,0.04
4007,"Cà rốt (củ đỏ, vàng)",100g,39.0,1.5,0.2,7.8,1.2,43.0,0.8,0.0,8.0,0.06,0.06
4008,Cà rốt khô,100g,292.0,9.2,1.5,60.4,9.6,323.0,5.9,0.0,0.0,0.0,0.0
4009,Cà tím,100g,22.0,1.0,0.0,4.5,1.5,15.0,0.4,0.0,15.0,0.04,0.05
4010,Cải bắp,100g,29.0,1.8,0.1,5.3,1.6,48.0,1.1,0.0,30.0,0.06,0.05
4011,Cải bắp đỏ,100g,45.0,1.9,0.2,9.0,4.0,83.0,0.5,0.0,60.0,0.07,0.05
4012,Cải bắp khô,100g,245.0,18.0,1.6,39.7,14.0,300.0,7.5,0.0,2.0,0.15,0.52
4013,Cải cúc,100g,14.0,1.6,0.0,1.9,2.0,63.0,0.8,0.0,27.0,0.01,0.03
4014,Cải soong,100g,15.0,2.1,0.1,1.3,2.0,69.0,1.6,0.0,25.0,0.08,0.26
4015,Cải thìa (cải trắng),100g,17.0,1.4,0.2,2.4,1.8,50.0,0.7,0.0,26.0,0.09,0.07
4016,Cải xanh,100g,16.0,1.7,0.2,1.9,1.8,89.0,1.9,0.0,51.0,0.07,0.1
4017,Cần ta,100g,10.0,1.0,0.0,1.5,1.5,310.0,3.0,0.0,6.0,0.04,0.03
4018,Cần tây,100g,48.0,3.7,0.2,7.9,1.5,325.0,8.0,0.0,150.0,0.06,0.07
4019,Chuối xanh,100g,74.0,1.2,0.5,16.4,1.0,26.0,0.4,0.0,31.0,0.05,0.02
4020,Củ cải đỏ,100g,48.0,1.3,0.0,10.8,0.9,28.0,1.4,0.0,20.0,0.02,0.05
4021,Củ cải trắng,100g,21.0,1.5,0.1,3.6,1.5,40.0,1.1,0.0,30.0,0.06,0.06
4022,Củ cải trắng khô,100g,220.0,17.6,1.5,33.9,17.7,629.0,6.73,0.0,0.0,0.27,0.68
4023,Củ đậu,100g,28.0,1.0,0.0,6.0,0.7,8.0,0.0,0.0,6.0,0.0,0.0
4024,Củ niễng,100g,30.0,2.0,0.0,5.4,1.8,24.0,1.4,0.0,2.0,0.0,0.0
4025,Dọc củ cải (non),100g,14.0,1.9,0.0,1.6,1.8,220.0,0.4,0.0,72.0,0.06,0.11
4026,Dọc mùng,100g,5.0,0.4,0.0,0.8,2.0,0.0,0.0,0.0,0.0,0.0,0.0
4027,Dưa chuột,100g,16.0,0.8,0.1,2.9,0.7,23.0,1.0,0.0,5.0,0.03,0.04
4028,Dưa gang,100g,11.0,0.8,0.0,2.0,0.7,25.0,0.4,0.0,4.0,0.04,0.04
4029,Đậu cô ve,100g,73.0,5.0,0.0,13.3,1.0,26.0,0.7,0.0,25.0,0.34,0.19
4030,Đậu đũa,100g,59.0,6.0,0.4,7.9,2.0,47.0,1.6,0.0,22.0,0.29,0.18
4031,Đậu Hà Lan,100g,72.0,6.5,0.4,10.6,1.0,57.0,0.8,0.0,27.0,0.4,0.15
4032,Đậu rồng (quả non),100g,34.0,1.9,0.1,6.3,1.6,63.0,1.3,0.0,22.0,0.06,0.12
4033,Đu đủ xanh,100g,22.0,0.8,0.0,4.6,2.0,63.0,0.9,0.0,40.0,0.02,0.03
4034,Gấc,100g,122.0,2.1,7.9,10.5,1.8,56.0,1.2,0.0,11.0,0.0,0.0
4035,Giá đậu tương,100g,79.0,7.7,1.8,8.0,0.7,52.0,1.1,0.0,10.0,0.19,0.15
4036,Giá đậu xanh,100g,44.0,5.5,0.2,5.1,2.0,38.0,1.4,0.0,10.0,0.2,0.13
4037,Hành củ tươi,100g,26.0,1.3,0.4,4.4,0.7,32.0,1.1,0.0,10.0,0.03,0.04
4038,Hành lá (hành hoa),100g,22.0,1.3,0.0,4.3,0.9,80.0,1.0,0.0,60.0,0.03,0.1
4039,Hành tây,100g,41.0,1.8,0.1,8.2,1.1,38.0,0.8,0.0,10.0,0.03,0.04
4040,Hạt sen tươi,100g,161.0,9.5,0.5,29.5,0.8,76.0,1.4,0.0,17.0,0.17,0.09
4041,Hạt sen khô,100g,334.0,20.0,2.4,58.0,2.2,89.0,6.4,0.0,0.0,0.64,0.15
4042,Hẹ lá,100g,18.0,2.2,0.3,1.5,0.9,56.0,1.3,0.0,19.0,0.03,0.09
4043,Hoa chuối,100g,20.0,1.5,0.0,3.5,2.0,44.0,0.9,0.0,5.0,1.04,0.03
4044,Hoa lý,100g,23.0,2.9,0.0,2.8,3.0,52.0,1.2,0.0,48.0,0.19,0.13
4045,Khế,100g,16.0,0.6,0.3,2.8,2.6,10.0,0.9,0.0,30.0,0.05,0.04
4046,Lá lốt,100g,39.0,4.3,0.0,5.4,2.5,260.0,4.1,0.0,34.0,0.0,0.0
4047,Lá me,100g,46.0,7.5,0.0,4.0,0.0,319.0,0.0,0.0,0.0,0.0,0.0
4048,Lá mơ lông,100g,27.0,3.9,0.0,2.9,5.1,211.0,0.0,0.0,75.0,0.0,0.0
4049,Lá sắn tươi,100g,78.0,7.0,0.0,12.6,4.3,200.0,1.9,0.0,295.0,0.25,0.66
4050,Măng chua,100g,11.0,1.4,0.0,1.4,4.1,18.0,0.9,0.0,9.0,0.11,0.09
4051,Măng khô,100g,157.0,13.0,2.1,21.5,36.0,100.0,5.0,0.0,1.0,0.11,0.14
4052,Măng tây,100g,14.0,2.2,0.1,1.1,2.3,21.0,0.9,0.0,10.0,0.16,0.03
4053,Măng tre,100g,15.0,1.7,0.3,1.4,4.1,22.0,1.0,0.0,1.0,0.08,0.08
4054,Mướp,100g,17.0,0.9,0.2,2.8,0.5,28.0,0.8,0.0,8.0,0.04,0.06
4055,Mướp đắng,100g,16.0,0.9,0.2,2.8,1.1,18.0,0.6,0.0,22.0,0.07,0.04
4056,Mướp Nhật bản,100g,10.0,0.8,0.0,1.8,1.4,30.0,0.3,0.0,0.0,0.0,0.0
4057,Ngải cứu,100g,25.0,3.8,0.0,2.4,2.0,136.0,3.1,0.0,0.0,0.0,0.0
4058,Ngô bao tử,100g,40.0,2.2,0.2,7.4,0.4,5.0,0.9,0.0,34.0,0.09,0.2
4059,Ngó sen,100g,61.0,1.0,0.1,13.9,1.2,19.0,0.5,0.0,25.0,0.11,0.04
4060,Nụ mướp,100g,30.0,4.9,0.0,2.5,1.5,140.0,1.2,0.0,0.0,0.0,0.0
4061,Ớt đỏ to,100g,23.0,1.0,0.3,4.0,2.0,7.0,0.43,0.0,190.0,0.05,0.09
4062,Ớt vàng to,100g,29.0,1.3,0.2,5.5,1.4,86.0,3.6,0.0,250.0,0.37,0.51
4063,Ớt xanh to,100g,25.0,1.3,0.2,4.5,1.5,6.0,0.8,0.0,103.0,0.04,0.05
4064,Quả dọc,100g,19.0,0.8,0.0,3.9,0.0,21.0,0.0,0.0,0.0,0.0,0.0
4065,Quả me chua,100g,27.0,1.9,0.0,4.8,2.0,130.0,0.4,0.0,12.0,0.15,0.05
4066,Rau bí,100g,18.0,2.7,0.0,1.7,1.7,100.0,2.1,0.0,11.0,0.09,0.13
4067,Rau câu khô,100g,198.0,11.2,1.1,35.8,20.8,378.0,8.8,0.0,0.0,0.01,0.22
4068,Rau câu tươi,100g,25.0,1.9,0.1,4.1,5.0,85.0,0.9,0.0,0.0,0.01,0.03
4069,Rau diếp,100g,14.0,1.2,0.2,1.8,0.5,38.0,1.1,0.0,30.0,0.3,0.09
4070,Rau đay,100g,25.0,2.8,0.3,3.0,1.5,182.0,7.7,0.0,77.0,0.13,0.26
4071,"Rau giấp cá, diếp cá",100g,22.0,2.9,0.0,2.7,1.8,0.0,0.0,0.0,68.0,0.0,0.0
4072,Rau dền cơm,100g,21.0,3.4,0.3,1.1,1.6,341.0,4.1,0.0,63.0,0.36,1.3
4073,Rau dền đỏ,100g,41.0,3.3,0.3,6.2,1.6,288.0,5.4,0.0,89.0,0.08,1.16
4074,Rau dền trắng,100g,42.0,3.2,0.4,6.3,1.5,288.0,6.1,0.0,27.0,0.08,0.28
4075,Rau húng,100g,20.0,2.2,0.6,1.5,3.5,202.0,4.8,0.0,27.0,0.08,0.35
4076,Rau khoai lang,100g,23.0,2.6,0.3,2.5,1.4,48.0,2.7,0.0,11.0,0.13,0.26
4077,Rau kinh giới,100g,22.0,2.7,0.0,2.8,3.6,246.0,1.0,0.0,110.0,0.0,0.0
4078,Rau má rừng,100g,25.0,3.1,0.0,3.1,1.5,172.0,0.2,0.0,20.0,0.0,0.0
4079,"Rau má, má mơ",100g,20.0,3.2,0.0,1.8,4.5,229.0,3.1,0.0,37.0,0.15,0.14
4080,Rau mồng tơi,100g,14.0,2.0,0.0,1.4,2.5,176.0,1.6,0.0,72.0,0.06,0.17
4081,Rau mùi,100g,16.0,2.6,0.5,0.2,1.8,133.0,4.5,0.0,140.0,0.11,0.15
4082,Rau mùi tàu,100g,25.0,2.1,0.8,2.4,1.6,20.0,2.9,0.0,177.0,0.11,0.28
4083,Rau muống,100g,25.0,3.2,0.4,2.1,1.0,100.0,1.4,0.0,23.0,0.1,0.09
4084,Rau muống khô,100g,245.0,34.2,1.8,23.0,12.0,880.0,15.2,0.0,10.0,0.0,0.0
4085,Rau ngổ,100g,15.0,1.5,0.0,2.3,2.1,84.0,2.2,0.0,78.0,0.11,0.15
4086,Rau ngót,100g,35.0,5.3,0.0,3.4,2.5,169.0,2.7,0.0,185.0,0.07,0.39
4087,Rau ngót khô,100g,239.0,32.2,2.6,21.8,15.0,0.0,0.0,0.0,0.0,0.0,0.0
4088,Rau răm,100g,30.0,4.7,0.0,2.8,3.8,316.0,2.2,0.0,57.0,0.0,0.0
4089,Rau rút,100g,28.0,5.1,0.0,1.8,1.9,180.0,0.0,0.0,0.0,0.0,0.0
4090,Rau xà lách,100g,17.0,1.5,0.4,1.8,0.5,77.0,0.9,0.0,15.0,0.14,0.12
4091,Rau sam,100g,18.0,1.4,0.0,3.0,0.7,85.0,1.5,0.0,26.0,0.03,0.11
4092,Rau sắng (chùa Hương),100g,48.0,6.5,0.0,5.5,3.4,110.0,0.0,0.0,114.0,0.0,0.0
4093,Rau tàu bay,100g,18.0,2.5,0.0,1.9,1.6,81.0,0.0,0.0,10.0,0.0,0.0
4094,Rau thơm,100g,18.0,2.0,0.0,2.4,3.0,170.0,3.8,0.0,41.0,0.14,0.15
4095,Sấu xanh,100g,19.0,1.8,0.0,3.0,0.0,135.0,0.0,0.0,0.0,0.0,0.0
4096,Su hào,100g,37.0,2.8,0.1,6.2,1.7,46.0,0.6,0.0,40.0,0.06,0.05
4097,Su hào khô,100g,261.0,20.0,1.4,42.1,12.5,0.0,0.0,0.0,3.0,0.0,0.0
4098,"Su su, quả",100g,19.0,0.8,0.1,3.6,1.0,17.0,0.4,0.0,4.0,0.01,0.02
4099,Súp lơ trắng,100g,30.0,2.5,0.1,4.8,0.9,26.0,1.4,0.0,70.0,0.11,0.1
4100,Súp lơ xanh,100g,26.0,3.0,0.3,2.9,3.2,33.0,0.73,0.0,88.0,0.08,0.1
4101,Thìa là,100g,28.0,2.6,1.1,1.8,5.0,200.0,1.2,0.0,63.0,0.05,0.12
4102,Tía tô,100g,25.0,2.9,0.0,3.4,3.6,190.0,3.2,0.0,13.0,0.0,0.0
4103,Tỏi ta,100g,121.0,6.0,0.5,23.0,1.5,24.0,1.5,0.0,10.0,0.24,0.03
4104,Tỏi tây (cả lá),100g,29.0,1.4,0.0,5.9,1.5,80.0,2.0,0.0,20.0,0.06,0.04
4105,Trám đen chín,100g,114.0,2.5,10.0,3.6,4.9,140.0,0.0,0.0,14.0,0.0,0.0
4106,"Trám xanh sống, trám trắng",100g,37.0,1.2,1.6,4.4,4.9,136.0,0.0,0.0,20.0,0.02,0.11
4107,Xương sông,100g,15.0,2.2,0.0,1.5,3.2,112.0,4.0,0.0,4.0,0.0,0.0
4108,Cà chua muối,100g,6.0,0.6,0.0,1.0,0.8,0.0,0.0,0.0,0.0,0.0,0.0
4109,Cà muối nén,100g,13.0,1.3,0.0,2.0,1.7,15.0,0.8,0.0,0.0,0.05,0.06
4110,Cà muối sổi,100g,16.0,1.5,0.0,2.5,1.7,0.0,0.0,0.0,0.0,0.0,0.0
4111,Dưa cải bắp,100g,18.0,1.2,0.0,3.3,1.6,51.0,0.3,0.0,20.0,0.01,0.06
4112,Dưa cải bẹ,100g,17.0,1.8,0.0,2.4,2.1,100.0,3.0,0.0,3.0,0.03,0.12
4113,Dưa cải sen,100g,10.0,1.1,0.0,1.3,1.8,63.0,0.0,0.0,0.0,0.0,0.0
4114,Dưa chuột muối,100g,13.0,0.8,0.0,2.5,0.7,25.0,1.2,0.0,4.0,0.01,0.02
4115,Dưa giá (đậu xanh),100g,39.0,5.0,0.0,4.8,2.0,22.0,1.1,0.0,0.0,0.0,0.0
4116,Hành củ muối,100g,22.0,1.4,0.0,4.0,0.7,12.0,1.3,0.0,0.0,0.02,0.03
4117,Kiệu muối,100g,24.0,1.3,0.0,4.7,1.2,50.0,1.2,0.0,12.0,0.05,0.1
4118,"Nhút (muối từ mít non, ngọn đậu xanh non...)",100g,16.0,2.5,0.0,1.5,2.3,204.0,9.0,0.0,0.0,0.0,0.0
4119,Men bia khô,100g,340.0,52.5,3.2,25.4,6.6,44.0,16.1,0.0,0.0,2.33,5.44
4120,Men bia tươi,100g,95.0,16.2,1.3,4.5,2.0,30.0,5.0,0.0,0.0,0.77,1.06
4121,Mộc nhĩ,100g,304.0,10.6,0.2,65.0,7.0,357.0,56.1,0.0,1.0,0.15,0.55
4122,Nấm hương khô,100g,274.0,36.0,4.0,23.5,17.0,184.0,35.0,0.0,0.0,0.16,1.59
4123,Nấm hương tươi,100g,39.0,5.5,0.5,3.1,3.0,27.0,5.2,0.0,0.0,0.0,0.0
4124,Nấm mỡ (Nấm tây),100g,32.0,4.0,0.3,3.4,1.1,28.0,1.3,0.0,4.0,0.11,0.16
4125,Nấm rơm,100g,57.0,3.6,3.2,3.4,1.1,28.0,1.2,0.0,2.0,0.12,0.33
4126,Nấm thường tươi,100g,34.0,4.6,0.8,2.2,3.5,2.0,0.7,0.0,6.0,0.25,0.3
5001,Bưởi,100g,30.0,0.2,0.0,7.3,0.7,23.0,0.5,0.0,95.0,0.04,0.02
5002,Cam,100g,38.0,0.9,0.1,8.3,1.4,34.0,0.4,0.0,40.0,0.08,0.03
5003,Chanh,100g,24.0,0.9,0.3,4.5,1.3,40.0,0.6,0.0,77.0,0.04,0.01
5004,Chôm chôm,100g,72.0,1.5,0.0,16.4,1.3,28.0,0.5,0.0,0.0,0.0,0.0
5005,Chuối khô,100g,292.0,5.0,0.0,68.0,2.3,0.0,0.0,0.0,0.0,0.0,0.0
5006,Chuối tây,100g,56.0,0.9,0.3,12.4,2.6,12.0,0.5,0.0,6.0,0.04,0.07
5007,Chuối tiêu,100g,97.0,1.5,0.2,22.2,0.8,8.0,0.6,0.0,6.0,0.04,0.05
5008,Dâu gia,100g,27.0,0.6,0.0,6.2,0.0,20.0,0.5,0.0,2.0,0.0,0.0
5009,Dâu tây,100g,43.0,1.8,0.4,8.1,4.0,22.0,0.7,0.0,60.0,0.03,0.06
5010,Dưa bở,100g,18.0,0.5,0.2,3.6,0.7,36.0,0.3,0.0,9.0,0.04,0.02
5011,Dưa hấu,100g,16.0,1.2,0.2,2.3,0.5,8.0,1.0,0.0,7.0,0.04,0.04
5012,Dưa hồng,100g,17.0,0.3,0.1,3.7,0.4,27.0,0.4,0.0,7.0,0.02,0.02
5013,Dưa lê,100g,18.0,0.4,0.0,4.2,0.5,11.0,0.6,0.0,0.0,0.0,0.0
5014,Dứa ta,100g,29.0,0.8,0.0,6.5,0.8,15.0,0.5,0.0,24.0,0.08,0.02
5015,Dứa tây,100g,38.0,0.5,0.1,8.8,0.4,32.0,0.3,0.0,26.0,0.08,0.03
5016,Đào,100g,31.0,0.9,0.2,6.3,1.5,20.0,0.45,0.0,10.0,0.02,0.05
5017,Đu đủ chín,100g,36.0,1.0,0.1,7.6,0.6,40.0,2.6,0.0,54.0,0.02,0.02
5018,Gioi,100g,16.0,0.4,0.3,3.2,2.9,12.0,0.5,0.0,30.0,0.03,0.02
5019,Hồng bì,100g,34.0,1.4,0.0,7.2,2.4,48.0,0.4,0.0,24.0,0.02,0.11
5020,Hồng đỏ,100g,29.0,0.7,0.2,6.0,2.5,10.0,0.2,0.0,16.0,0.01,0.02
5021,Hồng ngâm,100g,38.0,0.9,0.0,8.6,2.5,10.0,0.2,0.0,16.0,0.01,0.02
5022,Hồng xiêm,100g,48.0,0.5,0.7,10.0,2.5,52.0,2.3,0.0,8.0,0.0,0.02
5023,Lê,100g,45.0,0.7,0.2,10.2,0.6,19.0,2.3,0.0,4.0,0.02,0.04
5024,Lựu,100g,70.0,0.6,0.3,16.2,2.5,13.0,0.7,0.0,6.0,0.07,0.01
5025,Mãng cầu xiêm,100g,53.0,1.8,0.6,10.1,1.9,38.0,0.7,0.0,19.0,0.08,0.1
5026,Mắc coọc,100g,24.0,0.2,0.0,5.7,0.0,32.0,0.6,0.0,2.0,0.0,0.0
5027,Mận,100g,20.0,0.6,0.2,3.9,0.7,28.0,0.4,0.0,3.0,0.06,0.04
5028,Mít dai,100g,50.0,0.6,0.3,11.1,1.2,21.0,0.4,0.0,5.0,0.09,0.04
5029,Mít khô,100g,280.0,2.9,0.0,67.0,1.5,0.0,0.0,0.0,0.0,0.0,0.0
5030,Mít mật,100g,62.0,1.5,0.0,14.0,1.2,21.0,0.4,0.0,5.0,0.09,0.04
5031,Mơ,100g,48.0,0.9,0.4,10.1,0.8,28.0,2.1,0.0,7.0,0.04,0.06
5032,Mơ khô,100g,273.0,3.0,1.1,62.8,4.1,62.0,4.5,0.0,5.0,0.08,0.09
5033,"Muỗm, quéo",100g,67.0,0.6,0.4,15.3,0.4,4.0,0.2,0.0,60.0,0.06,0.06
5034,Na,100g,66.0,1.6,0.3,14.2,0.8,35.0,0.6,0.0,36.0,0.11,0.1
5035,Nhãn,100g,48.0,0.9,0.1,10.9,1.0,21.0,0.4,0.0,58.0,0.03,0.14
5036,Nhãn khô,100g,285.0,4.3,0.5,65.9,1.7,32.0,4.4,0.0,34.0,0.02,0.5
5037,Nho ngọt,100g,68.0,0.4,0.2,16.3,0.6,17.0,0.6,0.0,3.0,0.06,0.04
5038,Nho ta (nho chua),100g,14.0,0.4,0.0,3.1,2.4,40.0,1.4,0.0,45.0,0.05,0.04
5039,Nhót,100g,13.0,1.2,0.0,2.1,2.3,27.0,0.2,0.0,0.0,0.0,0.0
5040,Ổi,100g,38.0,0.6,1.0,6.8,6.0,10.0,1.3,0.0,62.0,0.05,0.04
5041,Quả bơ vỏ tím,100g,74.0,1.8,6.2,2.8,0.4,49.0,1.4,0.0,0.0,0.0,0.0
5042,Quả bơ vỏ xanh,100g,101.0,1.9,9.4,2.3,0.5,60.0,1.6,0.0,17.0,0.02,0.05
5043,Quả cóc,100g,58.0,1.8,0.0,12.8,0.9,38.0,1.6,0.0,0.0,0.0,0.0
5044,Quả thanh long,100g,40.0,1.3,0.0,8.7,1.8,11.0,0.6,0.0,10.0,0.0,0.0
5045,Quả trứng gà,100g,106.0,4.3,0.4,21.3,0.0,101.0,0.0,0.0,0.0,0.0,0.0
5046,Quất chín (cả vỏ),100g,26.0,0.9,0.0,5.5,4.1,124.0,0.3,0.0,43.0,0.1,0.02
5047,Quít,100g,39.0,0.8,0.3,8.3,0.6,35.0,0.4,0.0,55.0,0.08,0.03
5048,Sầu riêng,100g,132.0,2.5,1.6,26.9,1.4,20.0,0.9,0.0,37.0,0.27,0.29
5049,Sấu chín,100g,38.0,1.3,0.0,8.2,2.7,100.0,0.0,0.0,3.0,0.0,0.0
5050,Táo ta,100g,38.0,0.8,0.2,8.3,0.7,44.0,0.2,0.0,24.0,0.06,0.04
5051,Táo tây,100g,48.0,0.5,0.2,11.0,0.6,19.0,2.5,0.0,7.0,0.04,0.03
5052,Vải,100g,45.0,0.7,0.4,9.6,1.1,6.0,0.5,0.0,36.0,0.02,0.04
5053,Vải khô,100g,260.0,3.0,1.9,57.6,1.0,25.0,4.4,0.0,183.0,0.01,0.57
5054,Vú sữa,100g,42.0,1.0,0.0,9.4,2.3,68.0,0.4,0.0,5.0,0.01,0.02
5055,Xoài chín,100g,62.0,0.6,0.3,14.1,1.8,10.0,0.4,0.0,30.0,0.05,0.05
5056,Quả kiwi,100g,56.0,1.1,0.5,11.7,3.0,34.0,0.31,0.0,93.0,0.03,0.03
6001,Bơ,100g,756.0,0.5,83.5,0.5,0.0,12.0,0.1,600.0,0.0,0.01,0.04
6002,"Dầu thảo mộc (Lạc, vừng, cám...)",100g,897.0,0.0,99.7,0.0,0.0,0.0,0.0,0.0,0.0,0.0,0.0
6003,Mỡ lợn muối,100g,827.0,2.0,91.0,0.0,0.0,0.0,0.0,0.0,0.0,0.0,0.0
6004,Mỡ lợn nước,100g,896.0,0.0,99.6,0.0,0.0,2.0,0.3,0.0,0.0,0.02,0.0
6005,Bơ thực vật,100g,729.0,0.5,80.7,0.1,0.0,17.0,0.0,768.0,0.0,0.01,0.02
6006,Dầu bông,100g,900.0,0.0,100.0,0.0,0.0,0.0,0.0,0.0,0.0,0.0,0.0
6007,Dầu cám gạo,100g,900.0,0.0,100.0,0.0,0.0,0.0,0.07,0.0,0.0,0.0,0.0
6008,Dầu cọ,100g,900.0,0.0,100.0,0.0,0.0,0.0,0.0,0.0,0.0,0.0,0.0
6009,Dầu dừa,100g,900.0,0.0,100.0,0.0,0.0,0.0,0.04,0.0,0.0,0.0,0.0
6010,Dầu đậu tương,100g,900.0,0.0,100.0,0.0,0.0,0.0,0.02,0.0,0.0,0.0,0.0
6011,Dầu lạc,100g,900.0,0.0,100.0,0.0,0.0,0.0,0.03,0.0,0.0,0.0,0.0
6012,Dầu mè,100g,900.0,0.0,100.0,0.0,0.0,0.0,0.0,0.0,0.0,0.0,0.0
6013,Dầu ngô,100g,900.0,0.0,100.0,0.0,0.0,0.0,0.0,0.0,0.0,0.0,0.0
6014,Dầu oliu,100g,900.0,0.0,100.0,0.0,0.0,1.0,0.56,0.0,0.0,0.0,0.0
7001,Thịt bê mỡ,100g,144.0,19.0,7.5,0.0,0.0,8.0,1.7,0.0,2.0,0.23,0.25
7002,Thịt bê nạc,100g,85.0,20.0,0.5,0.0,0.0,8.0,1.7,0.0,2.0,0.23,0.25
7003,Thịt bò loại I,100g,118.0,21.0,3.8,0.0,0.0,12.0,3.1,12.0,1.0,0.1,0.17
7004,Thịt bò loại II,100g,167.0,18.0,10.5,0.0,0.0,10.0,2.7,2.0,1.0,0.1,0.17
7005,"Thịt bò, lưng, nạc",100g,127.0,23.1,3.9,0.0,0.0,23.0,1.63,0.0,0.0,0.08,0.12
7006,"Thịt bò, lưng, nạc và mỡ",100g,182.0,21.5,10.7,0.0,0.0,5.0,1.78,0.0,0.0,0.1,0.15
7007,Thịt bồ câu ra ràng,100g,340.0,17.5,30.0,0.0,0.0,45.0,5.4,73.0,5.0,0.1,0.28
7008,Thịt chó sấn,100g,338.0,16.0,30.4,0.0,0.0,16.0,1.0,0.0,0.0,0.04,0.08
7009,Thịt chó vai,100g,230.0,18.0,17.6,0.0,0.0,20.0,0.7,0.0,0.0,0.04,0.08
7010,"Thịt cừu, nạc",100g,219.0,16.4,17.0,0.0,0.0,9.0,2.5,30.0,3.0,0.17,0.15
7011,"Thịt dê, nạc",100g,122.0,20.7,4.3,0.0,0.0,11.0,2.0,91.0,1.0,0.07,0.13
7012,Thịt gà rừng,100g,141.0,24.4,4.8,0.0,0.0,14.0,0.4,0.0,0.0,0.0,0.0
7013,Thịt gà ta,100g,199.0,20.3,13.1,0.0,0.0,12.0,1.5,120.0,4.0,0.15,0.16
7014,Thịt gà tây,100g,218.0,20.1,15.3,0.0,0.0,24.0,3.2,180.0,0.0,0.06,0.08
7015,Thịt hươu,100g,94.0,19.0,2.0,0.0,0.0,11.0,2.8,8.0,0.0,0.26,0.6
7016,Thịt lợn mỡ,100g,394.0,14.5,37.3,0.0,0.0,8.0,0.4,2.0,0.0,0.0,0.0
7017,Thịt lợn nạc,100g,139.0,19.0,7.0,0.0,0.0,7.0,0.96,2.0,1.0,0.9,0.18
7018,"Thịt lợn nửa nạc, nửa mỡ",100g,260.0,16.5,21.5,0.0,0.0,9.0,1.5,10.0,2.0,0.53,0.16
7019,Thịt ngỗng,100g,409.0,14.0,39.2,0.0,0.0,13.0,1.8,17.0,4.0,0.2,0.19
7020,Thịt ngựa,100g,176.0,21.5,10.0,0.0,0.0,13.0,3.1,37.0,1.0,0.07,0.1
7021,Thịt thỏ nhà,100g,158.0,21.5,8.0,0.0,0.0,21.0,1.6,10.0,0.0,0.08,0.06
7022,Thịt thỏ rừng,100g,103.0,23.5,1.0,0.0,0.0,17.0,4.8,0.0,0.0,0.09,0.06
7023,Thịt trâu,100g,97.0,20.4,1.4,0.9,0.0,12.0,1.61,0.0,0.0,0.04,0.2
7024,Thịt trâu bắp,100g,115.0,21.9,3.0,0.0,0.0,30.0,0.0,0.0,0.0,0.0,0.0
7025,Thịt trâu cổ,100g,112.0,20.9,3.1,0.0,0.0,20.0,0.0,0.0,0.0,0.0,0.0
7026,Thịt trâu đùi,100g,112.0,21.2,3.0,0.0,0.0,20.0,0.0,0.0,0.0,0.0,0.0
7027,Thịt trâu thăn,100g,121.0,22.8,3.3,0.0,0.0,26.0,3.3,5.0,0.0,0.06,0.16
7028,Thịt vịt,100g,267.0,17.8,21.8,0.0,0.0,13.0,1.8,270.0,3.0,0.07,0.15
7029,Bầu dục bò,100g,67.0,12.5,1.8,0.3,0.0,9.0,7.1,330.0,6.0,0.4,1.75
7030,Bầu dục lợn,100g,81.0,13.0,3.1,0.3,0.0,8.0,8.0,150.0,5.0,0.38,1.12
7031,Bì lợn,100g,118.0,23.3,2.7,0.0,0.0,11.0,0.4,0.0,0.0,0.29,0.05
7032,Chân giò lợn,100g,230.0,15.7,18.6,0.0,0.0,24.0,2.1,30.0,1.0,0.01,0.07
7033,Dạ dày bò,100g,97.0,14.8,4.2,0.0,0.0,150.0,0.9,0.0,0.0,0.04,0.2
7034,Dạ dày lợn,100g,85.0,14.6,2.9,0.0,0.0,8.0,1.4,0.0,0.0,0.05,0.18
7035,Đầu bò,100g,185.0,18.1,12.5,0.0,0.0,0.0,0.0,0.0,0.0,0.0,0.0
7036,Đầu lợn,100g,335.0,13.4,31.3,0.0,0.0,0.0,0.0,0.0,0.0,0.0,0.0
7037,Đuôi bò,100g,137.0,19.7,6.5,0.0,0.0,7.0,2.5,0.0,0.0,0.03,0.03
7038,Đuôi lợn,100g,467.0,10.8,47.1,0.0,0.0,18.0,0.99,0.0,0.0,0.21,0.11
7039,Gan bò,100g,109.0,17.4,3.1,3.0,0.0,5.0,9.0,5000.0,30.0,0.4,3.0
7040,Gan gà,100g,111.0,18.2,3.4,2.0,0.0,21.0,8.2,3290.0,7.0,0.38,1.63
7041,Gan lợn,100g,116.0,18.8,3.6,2.0,0.0,7.0,12.0,6000.0,18.0,0.4,2.11
7042,Gan vịt,100g,122.0,17.1,4.7,2.8,0.0,17.0,4.8,11984.0,7.0,0.44,1.28
7043,Gân chân bò,100g,124.0,30.2,0.3,0.0,0.0,0.0,0.0,0.0,0.0,0.0,0.0
7044,Lưỡi bò,100g,164.0,13.6,12.1,0.2,0.0,7.0,3.0,0.0,3.0,0.07,0.15
7045,Lưỡi lợn,100g,178.0,14.2,12.8,1.4,0.0,7.0,2.4,0.0,4.0,0.08,0.23
7046,Lòng lợn (ruột già),100g,167.0,6.9,15.1,0.8,0.0,12.0,0.5,0.0,0.0,0.09,0.08
7047,Lòng lợn (ruột non),100g,44.0,7.2,1.3,0.8,0.0,7.0,0.8,0.0,0.0,0.09,0.08
7048,Mề gà,100g,99.0,21.3,1.3,0.6,0.0,48.0,6.6,19.0,4.0,0.04,0.2
7049,Óc bò,100g,124.0,9.0,9.5,0.5,0.0,6.0,0.9,0.0,11.0,0.13,0.21
7050,Óc lợn,100g,123.0,9.0,9.5,0.4,0.0,7.0,1.6,0.0,14.0,0.14,0.19
7051,Phổi bò,100g,103.0,15.2,4.7,0.0,0.0,10.0,6.7,14.0,39.0,0.1,0.14
7052,Phổi lợn,100g,92.0,14.8,3.6,0.0,0.0,9.0,6.4,0.0,12.0,0.02,0.14
7053,Sườn lợn,100g,187.0,17.9,12.8,0.0,0.0,7.0,0.61,0.0,0.0,0.96,0.23
7054,Tai lợn,100g,126.0,21.0,4.1,1.3,0.0,21.0,2.4,0.0,0.0,0.08,0.11
7055,Tim bò,100g,89.0,15.0,3.0,0.6,0.0,5.0,5.4,6.0,7.0,0.31,0.49
7056,Tim gà,100g,114.0,16.0,5.5,0.0,0.0,12.0,5.96,9.0,3.0,0.15,0.73
7057,Tim lợn,100g,94.0,15.1,3.2,1.2,0.0,7.0,5.9,8.0,1.0,0.34,0.49
7058,Tiết bò,100g,75.0,18.0,0.2,0.4,0.0,8.0,52.6,30.0,0.0,0.09,0.03
7059,Tiết lợn luộc,100g,44.0,10.7,0.1,0.0,0.0,7.0,25.9,93.0,0.0,0.0,0.1
7060,Tiết lợn sống,100g,25.0,5.7,0.1,0.2,0.0,7.0,20.4,26.0,0.0,0.0,0.1
7061,Tủy xương bò,100g,814.0,1.1,89.9,0.0,0.0,89.0,0.0,0.0,0.0,0.0,0.01
7062,Tủy xương lợn,100g,749.0,2.3,82.2,0.0,0.0,0.0,0.0,0.0,0.0,0.0,0.0
7063,Ba tê,100g,326.0,10.8,24.6,15.4,0.0,26.0,4.2,0.0,0.0,0.0,0.0
7064,Chả lợn,100g,517.0,10.8,50.4,5.1,0.0,20.0,0.0,0.0,0.0,0.0,0.0
7065,Chả quế lợn,100g,416.0,16.2,39.0,0.0,0.0,16.0,2.1,0.0,0.0,0.0,0.0
7066,Dăm bông lợn,100g,318.0,23.0,25.0,0.3,0.0,10.0,2.1,0.0,0.0,0.4,0.19
7067,Dồi lợn,100g,114.0,12.4,7.1,0.0,0.0,28.0,0.0,0.0,0.0,0.0,0.0
7068,Giò bò,100g,357.0,13.8,33.5,0.0,0.0,18.0,3.2,0.0,0.0,0.0,0.0
7069,Giò lụa,100g,136.0,21.5,5.5,0.0,0.0,0.0,0.0,0.0,0.0,0.0,0.0
7070,Giò thủ lợn,100g,553.0,16.0,54.3,0.0,0.0,0.0,0.0,0.0,0.0,0.0,0.0
7071,Lạp xưởng,100g,585.0,20.8,55.0,1.7,0.0,52.0,3.0,0.0,0.0,0.46,0.24
7072,Nem chạo,100g,153.0,16.6,6.5,6.9,0.0,24.0,1.6,0.0,0.0,0.0,0.0
7073,Nem chua,100g,137.0,21.7,3.7,4.3,0.0,24.0,0.0,0.0,0.0,0.0,0.0
7074,Ruốc thịt lợn,100g,369.0,46.6,20.3,0.0,0.0,29.0,0.3,0.0,0.0,0.0,0.0
7075,Thịt bò khô,100g,239.0,51.0,1.6,5.2,0.0,31.0,8.1,0.0,0.0,0.13,0.19
7076,Thịt trâu khô,100g,226.0,50.4,2.7,0.0,0.0,0.0,0.0,0.0,0.0,0.0,0.0
7077,Xúc xích,100g,535.0,27.2,47.4,0.0,0.0,7.0,1.9,0.0,0.0,0.34,0.0
7078,Bột cóc,100g,342.0,55.4,13.4,0.0,0.0,0.0,0.0,0.0,0.0,0.0,0.0
7079,Châu chấu,100g,130.0,24.3,3.6,0.0,0.0,210.0,0.4,0.0,0.0,0.0,0.0
7080,Ếch (thịt đùi),100g,90.0,20.0,1.1,0.0,0.0,18.0,1.5,15.0,0.0,0.14,0.25
7081,Nhộng,100g,111.0,13.0,6.5,0.0,0.0,40.0,0.0,0.0,0.0,0.0,0.0
7082,Lòng gà (cả bộ),100g,119.0,17.9,4.5,1.8,0.0,10.0,5.86,2657.0,16.0,0.09,0.99
8001,Cá bống,100g,70.0,15.8,0.8,0.0,0.0,17.0,0.9,0.0,0.0,0.02,0.04
8002,Cá chày,100g,113.0,20.1,3.6,0.0,0.0,63.0,0.2,0.0,0.0,0.0,0.0
8003,Cá chép,100g,96.0,16.0,3.6,0.0,0.0,17.0,0.9,181.0,0.0,0.02,0.04
8004,Cá dưa,100g,115.0,17.6,5.0,0.0,0.0,64.0,0.0,0.0,0.0,0.0,0.0
8005,Cá dầu,100g,96.0,18.9,2.3,0.0,0.0,527.0,0.0,0.0,0.0,0.0,0.0
8006,Cá diếc,100g,87.0,17.7,1.8,0.0,0.0,70.0,0.8,120.0,0.0,0.0,0.0
8007,Cá đao,100g,94.0,18.3,2.3,0.0,0.0,36.0,0.0,0.0,0.0,0.0,0.0
8008,Cá đé,100g,83.0,18.7,0.9,0.0,0.0,80.0,0.0,0.0,0.0,0.0,0.0
8009,Cá đối,100g,108.0,19.5,3.3,0.0,0.0,21.0,1.0,45.0,0.0,0.07,0.15
8010,Cá đồng tiền,100g,98.0,20.1,2.0,0.0,0.0,90.0,0.0,0.0,0.0,0.0,0.0
8011,Cá hồi,100g,136.0,22.0,5.3,0.0,0.0,13.0,1.1,30.0,0.0,0.22,0.07
8012,"Cá khô (chim, thu, nụ, đé)",100g,208.0,43.3,3.9,0.0,0.0,120.0,0.9,0.0,0.0,0.08,0.31
8013,Cá lác,100g,71.0,16.7,0.5,0.0,0.0,80.0,0.0,0.0,0.0,0.0,0.0
8014,Cá mè,100g,144.0,15.4,9.1,0.0,0.0,157.0,0.0,0.0,0.0,0.0,0.0
8015,Cá mòi,100g,124.0,17.5,6.0,0.0,0.0,80.0,3.0,20.0,0.0,0.02,0.15
8016,Cá mỡ,100g,151.0,16.8,9.3,0.0,0.0,42.0,1.4,30.0,0.0,0.08,0.21
8017,Cá mối,100g,116.0,22.1,3.1,0.0,0.0,60.0,0.0,0.0,0.0,0.0,0.0
8018,Cá nạc,100g,80.0,17.5,1.1,0.0,0.0,42.0,1.4,0.0,0.0,0.06,0.08
8019,Cá ngừ,100g,87.0,21.0,0.3,0.0,0.0,44.0,1.0,5.0,1.0,0.02,0.08
8020,Cá nục,100g,111.0,20.2,3.3,0.0,0.0,85.0,3.25,15.0,0.0,0.06,0.26
8021,Cá phèn,100g,104.0,15.9,4.5,0.0,0.0,40.0,0.0,0.0,0.0,0.0,0.0
8022,Cá quả,100g,97.0,18.2,2.7,0.0,0.0,90.0,0.0,0.0,0.0,0.04,0.12
8023,Cá rô đồng,100g,126.0,19.1,5.5,0.0,0.0,26.0,0.25,0.0,0.0,0.0,0.0
8024,Cá rô phi,100g,100.0,19.7,2.3,0.0,0.0,50.0,0.53,0.0,0.0,0.0,0.0
8025,Cá thờn bơn (cá bơn),100g,73.0,17.4,0.4,0.0,0.0,36.0,0.0,0.0,0.0,0.0,0.0
8026,Cá thu,100g,166.0,18.2,10.3,0.0,0.0,50.0,1.3,10.0,0.0,0.07,0.17
8027,Cá thu đao,100g,156.0,20.0,8.4,0.0,0.0,22.0,3.0,35.0,0.0,0.05,0.1
8028,Cá trạch (cá chạch),100g,110.0,20.4,3.2,0.0,0.0,109.0,0.2,0.0,0.0,0.0,0.0
8029,Cá trắm cỏ,100g,91.0,17.0,2.6,0.0,0.0,57.0,0.1,0.0,0.0,0.0,0.0
8030,Cá trê,100g,173.0,16.5,11.9,0.0,0.0,20.0,1.0,93.0,0.0,0.1,0.04
8031,Cá trích,100g,166.0,17.7,10.6,0.0,0.0,64.0,2.8,20.0,0.0,0.02,0.18
8032,Cá trôi,100g,127.0,18.8,5.7,0.0,0.0,76.0,0.05,0.0,0.0,0.0,0.0
8033,Cua bể,100g,103.0,17.5,0.6,7.0,0.0,141.0,3.8,36.0,0.0,0.03,0.71
8034,Cua đồng,100g,87.0,12.3,3.3,2.0,0.0,120.0,1.4,210.0,0.0,0.01,0.51
8035,Ghẹ,100g,54.0,11.9,0.7,0.0,0.0,89.0,0.74,2.0,0.0,0.03,0.71
8036,Hải sâm,100g,90.0,21.5,0.3,0.2,0.0,118.0,1.4,102.0,0.0,0.01,0.02
8037,Hến,100g,45.0,4.5,0.7,5.1,0.0,144.0,1.6,0.0,0.0,0.0,0.12
8038,Lươn,100g,180.0,18.4,11.7,0.2,0.0,35.0,1.0,1800.0,0.0,0.15,0.31
8039,Mực khô,100g,291.0,60.1,4.5,2.5,0.0,27.0,5.6,0.0,0.0,0.13,0.17
8040,Mực tươi,100g,73.0,16.3,0.9,0.0,0.0,14.0,0.6,10.0,5.0,0.01,0.06
8041,Ốc bươu,100g,84.0,11.1,0.7,8.3,0.0,1310.0,0.0,0.0,0.0,0.0,0.0
8042,Ốc đá,100g,63.0,11.2,0.3,3.9,0.0,1660.0,0.0,0.0,0.0,0.0,0.0
8043,Ốc nhồi,100g,84.0,11.9,0.7,7.6,0.0,1357.0,0.0,0.0,0.0,0.05,0.17
8044,Ốc vặn,100g,72.0,12.2,0.7,4.3,0.0,1356.0,0.0,0.0,0.0,0.0,0.0
8045,"Rạm (muối, đồ)",100g,83.0,14.2,2.9,0.0,0.0,4820.0,0.0,0.0,0.0,0.0,0.0
8046,Rạm tươi,100g,77.0,12.9,2.8,0.0,0.0,3520.0,0.0,0.0,0.0,0.0,0.0
8047,Rươi,100g,89.0,12.4,4.4,0.0,0.0,66.0,1.8,0.0,0.0,0.0,0.0
8048,Sò,100g,78.0,9.5,2.3,4.9,0.0,37.0,1.9,53.0,0.0,0.03,0.15
8049,Tép gạo,100g,58.0,11.7,1.2,0.0,0.0,910.0,0.0,0.0,0.0,0.0,0.0
8050,Tép khô,100g,269.0,59.8,3.0,0.7,0.0,2000.0,5.5,0.0,0.0,0.03,0.07
8051,Tôm biển,100g,82.0,17.6,0.9,0.9,0.0,79.0,1.6,20.0,0.0,0.04,0.08
8052,Tôm đồng,100g,90.0,18.4,1.8,0.0,0.0,1120.0,2.2,15.0,0.0,0.02,0.03
8053,Tôm khô,100g,347.0,75.6,3.8,2.5,0.0,236.0,4.6,0.0,0.0,0.16,0.34
8054,Trai,100g,38.0,4.6,1.1,2.5,0.0,668.0,1.5,90.0,0.0,0.02,0.46
8055,Bánh phồng tôm rán,100g,676.0,1.6,59.2,34.1,0.0,175.0,0.0,0.0,0.0,0.0,0.0
8056,Bánh phồng tôm sống,100g,381.0,3.4,7.4,75.3,0.0,258.0,0.0,0.0,0.0,0.0,0.0
8057,Bột cá,100g,323.0,71.2,2.9,3.0,0.0,505.0,50.0,0.0,0.0,0.03,0.38
8058,Ruốc cá quả,100g,312.0,65.7,4.1,3.0,0.0,26.0,0.0,0.0,0.0,0.0,0.0
8059,Ruốc tôm,100g,305.0,65.5,3.1,3.7,0.0,0.0,0.0,0.0,0.0,0.0,0.0
9001,Trứng gà,100g,166.0,14.8,11.6,0.5,0.0,55.0,2.7,700.0,0.0,0.16,0.31
9002,Lòng đỏ trứng gà,100g,327.0,13.6,29.8,1.0,0.0,134.0,7.0,960.0,0.0,0.32,0.52
9003,Lòng trắng trứng gà,100g,46.0,10.3,0.1,1.0,0.0,19.0,0.3,0.0,0.0,0.01,0.26
9004,Trứng vịt,100g,184.0,13.0,14.2,1.0,0.0,71.0,3.2,360.0,0.0,0.15,0.3
9005,Lòng đỏ trứng vịt,100g,364.0,13.6,32.3,4.8,0.0,146.0,5.6,1625.0,0.0,0.54,0.94
9006,Lòng trắng trứng vịt,100g,47.0,10.7,0.1,0.8,0.0,6.0,0.0,0.0,0.0,0.0,0.2
9007,Trứng chim cút,100g,154.0,13.1,11.1,0.4,0.0,64.0,3.65,155.0,0.0,0.13,0.79
9008,Trứng cá,100g,171.0,20.5,9.9,0.0,0.0,28.0,1.1,0.0,24.0,0.93,0.65
9009,Trứng cá muối,100g,274.0,24.6,17.9,3.5,0.0,275.0,11.88,561.0,0.0,0.19,0.62
9010,Trứng vịt lộn,100g,182.0,13.6,12.4,4.0,0.0,82.0,3.0,875.0,3.0,0.12,0.25
9011,Bột trứng,100g,563.0,44.0,42.2,1.8,0.0,186.0,9.3,1340.0,0.0,0.35,1.23
10001,Sữa bò tươi,100g,74.0,3.9,4.4,4.8,0.0,120.0,0.1,50.0,1.0,0.05,0.19
10002,Sữa dê tươi,100g,69.0,3.5,4.1,4.5,0.0,147.0,0.1,50.0,3.0,0.04,0.18
10003,Sữa mẹ (sữa người),100g,61.0,1.5,3.0,7.0,0.0,34.0,0.1,90.0,6.0,0.01,0.04
10004,Sữa chua (từ sữa bò),100g,61.0,3.3,3.7,3.6,0.0,120.0,0.1,25.0,1.0,0.04,0.2
10005,Sữa chua vớt béo,100g,103.0,3.5,0.0,22.3,1.2,143.0,0.06,4.0,1.0,0.04,0.2
10006,Sữa bột toàn phần,100g,494.0,27.0,26.0,38.0,0.0,939.0,1.1,318.0,10.0,0.24,1.31
10007,Sữa bột tách béo,100g,357.0,35.0,1.0,52.0,0.0,1400.0,0.45,6.0,6.0,0.42,0.6
10008,Sữa đặc có đường Việt Nam,100g,336.0,8.1,8.8,56.0,0.0,307.0,0.6,58.0,0.0,0.06,0.3
10009,Pho mát,100g,380.0,25.5,30.9,0.0,0.0,760.0,0.5,275.0,1.0,0.1,0.51
11001,Chuối nước đường,100g,58.0,0.5,0.0,13.9,1.3,12.0,0.6,0.0,9.0,0.0,0.0
11002,Dưa chuột hộp,100g,8.0,0.3,0.2,1.2,3.1,12.0,0.3,0.0,2.0,0.02,0.03
11003,Dứa hộp,100g,53.0,0.4,0.1,12.7,0.8,20.0,0.3,0.0,14.0,0.06,0.01
11004,Lạc chao dầu,100g,680.0,25.7,59.5,10.3,0.0,0.0,0.0,0.0,0.0,0.0,0.0
11005,Mắc coọc nước đường,100g,56.0,0.2,0.0,13.7,0.7,20.0,0.4,0.0,14.0,0.0,0.0
11006,Mận nước đường,100g,64.0,0.4,0.1,15.4,0.9,16.0,0.86,0.0,0.0,0.02,0.04
11007,Mứt bí ngô,100g,198.0,0.5,0.0,49.1,0.7,32.0,0.0,0.0,0.0,0.0,0.0
11008,Mứt cam có vỏ,100g,218.0,0.4,0.0,54.2,2.2,28.0,0.26,0.0,0.0,0.03,0.01
11009,Mứt chuối,100g,218.0,0.7,0.0,53.9,1.3,28.0,0.3,0.0,0.0,0.0,0.0
11010,Mứt dứa,100g,208.0,0.5,0.0,51.5,0.4,20.0,0.3,0.0,13.0,0.09,0.05
11011,Unknown,100g,178.0,0.4,0.0,44.1,2.0,24.0,0.0,0.0,0.0,0.0,0.0
11012,Nhãn nước đường,100g,62.0,0.5,0.0,15.0,1.0,12.0,0.3,0.0,32.0,0.0,0.04
11013,Nước dứa hộp,100g,53.0,0.4,0.1,12.6,0.2,32.0,0.3,0.0,41.0,0.04,0.01
11014,Vải nước đường,100g,60.0,0.4,0.0,14.7,1.1,8.0,0.6,0.0,10.0,0.0,0.04
11015,Cá thu hộp,100g,207.0,24.8,12.0,0.0,0.0,50.0,1.6,0.0,0.0,0.02,0.1
11016,Cá trích hộp,100g,233.0,22.3,14.4,3.5,0.0,86.0,2.3,28.0,0.0,0.02,0.12
11017,Thịt bò hộp,100g,251.0,16.4,20.6,0.0,0.0,13.0,2.9,0.0,0.0,0.0,0.23
11018,Thịt gà hộp,100g,273.0,17.0,22.8,0.0,0.0,108.0,2.8,520.0,0.0,0.09,0.37
11019,Thịt lợn hộp,100g,344.0,17.3,29.3,2.7,0.0,9.0,1.2,0.0,0.0,0.19,0.21
11020,"Thịt lợn, thịt bò xay hộp",100g,244.0,16.0,20.0,0.0,0.0,8.0,2.1,8.0,1.0,0.26,0.19
11021,Thịt vịt hầm,100g,224.0,19.6,16.2,0.0,0.0,0.0,0.0,0.0,0.0,0.0,0.0
12001,Bánh bích cốt,100g,346.0,12.3,1.3,71.3,0.8,39.0,2.7,86.0,0.0,0.36,0.18
12002,Bánh bích quy,100g,376.0,8.8,4.5,75.1,0.5,75.0,3.6,19.0,0.0,0.4,0.26
12003,Bánh chả,100g,395.0,3.4,6.6,80.5,1.0,42.0,1.9,0.0,0.0,0.04,0.07
12004,Bánh con cá,100g,368.0,7.5,2.2,79.6,0.2,54.0,2.9,0.0,0.0,0.13,0.13
12005,Bánh đậu xanh,100g,416.0,15.6,11.5,62.4,1.1,111.0,3.4,0.0,0.0,0.2,0.15
12006,Bánh kem xốp,100g,492.0,8.3,24.0,60.7,3.5,86.0,0.8,84.0,0.0,0.12,0.31
12007,Bánh khảo chay,100g,376.0,3.2,0.3,90.2,0.2,2.0,0.1,0.0,0.0,0.04,0.0
12008,Bánh quế,100g,435.0,8.3,10.7,76.4,0.3,33.0,2.0,12.0,0.0,0.04,1.9
12009,Bánh sô cô la,100g,449.0,3.9,17.6,68.8,0.0,58.0,3.7,13.0,0.0,0.04,0.17
12010,Bánh thỏi sô cô la,100g,543.0,4.9,30.4,62.5,0.0,280.0,1.5,0.0,0.0,0.03,0.01
12011,Bánh trứng nhện,100g,369.0,9.6,3.7,74.2,0.2,76.0,3.9,17.0,0.0,0.15,0.36
12012,Bột ca cao,100g,414.0,19.6,13.7,53.0,4.6,128.0,13.86,0.0,0.0,0.08,0.24
12013,Đường cát,100g,390.0,0.0,0.0,97.4,0.0,178.0,5.8,0.0,0.0,0.05,0.1
12014,Đường kính,100g,397.0,0.0,0.0,99.3,0.0,0.0,0.06,0.0,0.0,0.0,0.03
12015,Kẹo bơ cứng,100g,448.0,2.1,17.2,71.1,0.0,64.0,0.76,0.0,0.0,0.0,0.0
12016,Kẹo cà phê,100g,378.0,0.0,1.3,91.5,0.0,0.0,0.0,0.0,0.0,0.0,0.0
12017,Kẹo cam chanh,100g,377.0,0.0,0.5,93.1,0.3,23.0,1.4,0.0,0.0,0.0,0.0
12018,Kẹo dừa mềm,100g,415.0,0.6,12.2,75.6,2.5,16.0,0.4,0.0,0.0,0.0,0.0
12019,Kẹo dứa mềm,100g,415.0,0.6,12.2,75.6,2.5,16.0,0.4,0.0,0.0,0.0,0.0
12020,Kẹo lạc,100g,449.0,10.3,16.5,64.8,2.2,0.0,0.0,0.0,0.0,0.0,0.0
12021,Kẹo Pastille (kẹo ngậm bạc hà),100g,356.0,5.2,0.0,83.8,0.0,96.0,1.6,0.0,0.0,0.0,0.0
12022,Kẹo sô cô la,100g,388.0,1.6,4.6,85.1,1.2,0.0,0.0,0.0,0.0,0.0,0.0
12023,Kẹo sữa,100g,390.0,2.9,5.2,83.0,0.0,0.0,0.0,0.0,0.0,0.0,0.0
12024,Kẹo vừng viên,100g,417.0,2.8,6.9,85.9,1.7,0.0,0.0,0.0,0.0,0.05,0.02
12025,Mạch nha,100g,331.0,0.2,0.0,82.5,0.0,0.0,0.0,0.0,0.0,0.0,0.1
12026,Mật ong,100g,327.0,0.4,0.0,81.3,0.0,5.0,0.9,0.0,4.0,0.0,0.04
12027,Mứt lạc,100g,431.0,5.4,8.6,82.9,0.7,0.0,0.0,0.0,0.0,0.16,0.03
13001,Cary bột,100g,283.0,8.2,7.3,46.0,8.9,906.0,0.0,0.0,0.0,0.03,0.4
13002,Gừng khô (bột),100g,323.0,9.1,5.9,58.3,12.5,180.0,11.52,0.0,7.0,0.16,0.27
13003,Gừng tươi,100g,29.0,0.4,0.8,5.1,3.3,60.0,2.5,0.0,5.0,0.04,0.04
13004,Hạt tiêu,100g,231.0,7.0,7.4,34.1,33.5,732.0,4.6,0.0,0.0,0.05,0.06
13005,Muối,100g,0.0,0.0,0.0,0.0,0.0,150.0,0.81,0.0,0.0,0.0,0.0
13006,"Nghệ khô, bột",100g,295.0,7.8,9.9,43.8,21.1,146.0,18.6,0.0,26.0,0.03,0.12
13007,Nghệ tươi,100g,25.0,1.1,0.3,4.4,6.5,12.0,0.0,0.0,4.0,0.03,0.03
13008,Ớt khô bột,100g,227.0,15.6,4.2,31.8,23.6,85.0,17.0,0.0,0.0,0.61,0.9
13009,Riềng,100g,26.0,0.3,0.0,2.5,3.7,24.0,0.0,0.0,0.0,0.0,0.0
13010,Magi,100g,65.0,10.5,0.1,5.6,0.0,20.0,2.38,0.0,0.0,0.06,0.15
13011,Mắm tôm đặc,100g,73.0,14.8,1.5,0.0,0.0,0.0,0.0,0.0,0.0,0.0,0.0
13012,Mắm tôm loãng,100g,44.0,7.0,0.8,2.1,0.0,645.0,0.0,0.0,0.0,0.0,0.0
13013,Mắm tép chua,100g,68.0,8.7,1.2,5.5,0.0,0.0,0.0,0.0,0.0,0.0,0.0
13014,Nước mắm cá (loại đặc biệt),100g,60.0,15.0,0.0,0.0,0.0,387.0,2.7,0.0,0.0,0.09,0.86
13015,Nước mắm cá loại I,100g,28.0,7.1,0.0,0.0,0.0,387.0,2.7,0.0,0.0,0.03,0.27
13016,Nước mắm loại II,100g,21.0,5.2,0.0,0.0,0.0,314.0,1.9,0.0,0.0,0.0,0.0
13017,Nước mắm cá,100g,35.0,5.1,0.01,3.6,0.0,43.0,0.78,4.0,1.0,0.01,0.06
13018,Nước mắm cô,100g,131.0,32.8,0.0,0.0,0.0,0.0,0.0,0.0,0.0,0.0,0.0
13019,Tương ngô,100g,75.0,3.9,0.1,14.5,0.0,0.0,0.0,0.0,0.0,0.0,0.0
13020,Tương nếp,100g,86.0,4.3,0.7,15.7,0.0,0.0,0.0,0.0,0.0,0.0,0.0
13021,Tương ớt,100g,37.0,0.5,0.5,7.6,0.9,9.0,0.5,0.0,30.0,0.01,0.09
13022,Xì dầu,100g,53.0,6.3,0.04,6.8,0.8,19.0,1.93,0.0,0.0,0.03,0.17
13023,Sốt mayonnaise,100g,701.0,0.0,77.8,0.1,0.0,7.0,0.23,0.0,0.0,0.01,0.06
14001,"Bia (cồn: 4,5 g)",100g,11.0,0.5,0.0,2.3,0.0,6.0,0.1,0.0,0.0,0.01,0.03
14002,Cô nhắc (cồn 32 g),100g,0.0,0.0,0.0,0.0,0.0,0.0,0.0,0.0,0.0,0.0,0.0
14003,Cốc tai (cồn 13 g),100g,63.0,0.0,0.0,15.7,0.0,6.0,0.36,0.0,0.0,0.0,0.0
14004,Coca cola,100g,42.0,0.0,0.0,10.4,0.0,8.0,0.0,0.0,0.0,0.0,0.0
14005,Nước cam tươi,100g,23.0,0.7,0.2,4.5,0.2,26.0,0.3,0.0,54.0,0.09,0.03
14006,Nước dừa non tươi,100g,21.0,0.4,0.0,4.8,0.0,60.0,0.3,0.0,1.0,0.0,0.0
14007,Nước ép cà chua,100g,19.0,0.8,0.6,2.6,0.4,8.0,0.3,0.0,7.0,0.03,0.03
14008,Nước khoáng,100g,0.0,0.0,0.0,0.0,0.0,5.0,0.01,0.0,0.0,0.0,0.0
14009,Nước quít tươi,100g,24.0,0.4,0.2,5.1,0.2,20.0,0.2,0.0,47.0,0.06,0.02
14010,"Rượu cam, chanh (cồn 24,2 g)",100g,0.0,0.0,0.0,0.0,0.0,0.0,0.0,0.0,0.0,0.0,0.0
14011,Rượu nếp (80g/ 24 ml) (cồn 5 g),100g,167.0,4.0,0.0,37.7,0.2,0.0,0.0,0.0,0.0,0.0,0.0
14012,Rượu trắng (cồn 39 g),100g,273.0,0.0,0.0,0.0,0.0,0.0,0.0,0.0,0.0,0.0,0.0
14013,"Rượu vang đỏ (cồn 9,5 g)",100g,9.0,0.2,0.0,2.0,0.0,8.0,0.82,0.0,0.0,0.0,0.02
14014,"Rượu vang trắng (cồn 9,5 g)",100g,1.0,0.1,0.0,0.2,0.0,9.0,0.5,0.0,0.0,0.0,0.01
14015,Rượu vang trắng ngọt (cồn 10.2 g),100g,24.0,0.2,0.0,5.9,0.0,14.0,0.58,0.0,0.0,0.0,0.01
14016,"Rượu Whisky (cồn 35,2 g)",100g,0.0,0.0,0.0,0.0,0.0,2.0,0.0,0.0,0.0,0.0,0.0
